year,milestone,projected_investment_cost_vnd,projected_roi_percent,payback_period_months,npv_vnd,staff_allocation,tech_investment_vnd,capex_vnd
2024,Implement Warehouse Management System,12000000000,12,24,2500000000,8,8000000000,4000000000
2024,Digitize Inventory Tracking,7000000000,10,30,1200000000,5,5000000000,2000000000
2024,Upgrade Network Infrastructure,5000000000,8,36,800000000,4,2000000000,3000000000
2025,Deploy Transportation Management Platform,15000000000,15,20,4000000000,10,10000000000,5000000000
2025,Integrate IoT Sensors in Fleet,9000000000,13,28,2200000000,6,6000000000,3000000000
2025,Automate Order Processing,6000000000,11,26,1500000000,5,4000000000,2000000000
2026,AI-driven Demand Forecasting,8000000000,18,18,3500000000,7,6000000000,2000000000
2026,Blockchain for Supply Chain Transparency,10000000000,16,22,3200000000,8,7000000000,3000000000
2026,Expand Robotics in Sorting Centers,13000000000,20,16,5000000000,12,9000000000,4000000000
